OLD_ID,NEW_ID,COUNT
1,10,111631207
1,8,72034007
12,13,47799788
13,12,43874887
1,2,42046911
6,8,34089580
13,16,28039049
8,6,26553314
16,13,24243572
12,18,19532898
13,18,18861870
12,16,16680918
16,12,14415281
0,18,14026173
5,8,13428422
8,5,12573264
2,10,10895548
10,16,10210958
6,10,9881109
16,10,9174903
2,11,9129735
1,16,9092833
18,16,8175514
10,2,8145792
1,11,7451703
10,18,7372972
16,19,6981492
8,11,5790203
1,5,5762108
19,16,5580158
2,18,5155622
13,11,4697956
2,8,4563898
12,10,4321325
1,12,4176686
18,12,3856727
8,18,3759328
8,16,3711989
8,2,3687339
18,13,3623873
10,12,3597262
10,6,3440109
16,8,2800050
17,6,2710381
17,10,2663794
6,18,2599725
1,17,2527604
18,11,1845865
8,10,1640578
5,10,1522489
10,17,1516946
18,10,1499419
16,11,1438366
17,8,1393209
8,12,1346737
17,18,1318275
12,8,1248657
6,15,1242248
17,5,1234461
10,11,1205348
6,17,1197223
19,13,1144444
8,17,1104964
5,15,1037957
17,16,920022
18,2,901844
18,17,791016
8,15,775895
10,5,715247
13,19,704583
6,11,673456
5,18,651989
10,15,642924
16,17,557224
2,16,436599
1,15,434342
19,12,393777
16,2,341722
18,8,313011
5,17,283139
12,19,266884
18,15,249232
13,2,218871
6,16,194302
18,6,192407
10,8,182139
17,15,176113
13,10,168604
2,6,151976
10,13,141386
1,13,127793
6,5,105070
18,5,88113
16,6,82746
2,13,66028
6,2,59985
17,2,59672
2,17,51321
12,6,48666
6,12,42409
12,17,34094
13,17,31176
19,10,28062
8,13,27854
14,17,22419
17,12,19910
13,8,18925
1,19,18082
2,12,17337
17,13,16371
5,16,13864
15,10,12941
14,10,12424
17,11,11496
1,14,11340
16,5,10942
16,15,10826
14,8,10077
15,17,8195
13,15,7344
17,19,5807
19,6,5620
10,19,5033
19,8,4710
19,5,4165
15,8,3648
13,5,3356
14,15,3341
8,19,3169
14,5,2928
12,15,2603
10,14,2473
0,16,2386
14,16,2347
5,11,1967
18,14,1718
15,14,1446
13,6,1393
17,14,1361
12,2,1211
19,17,1151
6,14,1042
8,14,1007
14,6,955
2,5,755
18,1,665
5,2,661
1,6,655
0,12,643
2,14,638
1,0,596
14,1,566
0,13,565
12,14,552
12,5,454
5,6,447
6,19,332
5,13,306
19,2,300
1,18,283
0,14,281
15,18,279
15,5,265
12,11,207
11,16,199
0,1,189
15,6,167
16,0,161
0,19,151
15,16,134
0,8,109
2,15,109
0,11,104
5,14,94
17,1,90
19,11,65
11,14,59
5,12,57
10,1,56
16,14,54
14,18,47
11,18,39
0,2,34
6,1,30
5,19,23
16,1,21
12,1,18
2,19,14
13,0,13
8,1,10
19,15,10
13,14,10
2,1,8
10,0,6
11,8,4
5,1,4
6,13,3
14,2,3
13,1,2
16,18,2
14,12,1
11,13,1
